--Password is 123 hashed as bcrypt-hash
--this database is used for testing and our frontend development
-- if new values are inserted, testcases must be updated eventually

INSERT INTO USERX (ENABLED, FIRST_NAME, LAST_NAME, PASSWORD, USERNAME, CREATE_DATE, ROLE, EMAIL) VALUES(TRUE, 'Admin', 'Istrator', '$2a$10$LWmeUuvbGLrb6w.GXZGzR.3UyJ42dQGwfmRqEtNOS1g6xJL7pFypy', 'admin', '2016-01-01 00:00:00', 'ADMIN', 'test@memory.com')
    INSERT INTO USERX (ENABLED, FIRST_NAME, LAST_NAME, PASSWORD, USERNAME, CREATE_DATE, ROLE, EMAIL) VALUES(TRUE, 'Susi', 'Kaufgern', '$2a$10$LWmeUuvbGLrb6w.GXZGzR.3UyJ42dQGwfmRqEtNOS1g6xJL7pFypy', 'user1', '2016-01-01 00:00:00', 'USER', 'hrwthr@gmail.com')
INSERT INTO USERX (ENABLED, FIRST_NAME, LAST_NAME, PASSWORD, USERNAME, CREATE_DATE, ROLE, EMAIL) VALUES(TRUE, 'Max', 'Mustermann', '$2a$10$LWmeUuvbGLrb6w.GXZGzR.3UyJ42dQGwfmRqEtNOS1g6xJL7pFypy', 'user2', '2016-01-01 00:00:00', 'USER', 'hthhthhh@gmail.com')
INSERT INTO USERX (ENABLED, FIRST_NAME, LAST_NAME, PASSWORD, USERNAME, CREATE_DATE, ROLE, EMAIL) VALUES(TRUE, 'Elvis', 'The King', '$2a$10$LWmeUuvbGLrb6w.GXZGzR.3UyJ42dQGwfmRqEtNOS1g6xJL7pFypy', 'elvis', '2016-01-01 00:00:00', 'ADMIN', 'elvis.memori@proton.me')
INSERT INTO USERX (ENABLED, FIRST_NAME, LAST_NAME, PASSWORD, USERNAME, CREATE_DATE, ROLE) VALUES(TRUE, 'Hannah', 'Montana', '$2a$10$LWmeUuvbGLrb6w.GXZGzR.3UyJ42dQGwfmRqEtNOS1g6xJL7pFypy', 'hannah', '2016-01-01 00:00:00', 'ADMIN')
INSERT INTO USERX (ENABLED, FIRST_NAME, LAST_NAME, PASSWORD, USERNAME, CREATE_DATE, ROLE) VALUES(TRUE, 'Pete', 'Maverick', '$2a$10$LWmeUuvbGLrb6w.GXZGzR.3UyJ42dQGwfmRqEtNOS1g6xJL7pFypy', 'pete', '2016-01-01 00:00:00', 'USER')
INSERT INTO USERX (ENABLED, FIRST_NAME, LAST_NAME, PASSWORD, USERNAME, CREATE_DATE, ROLE) VALUES(TRUE, 'Michael', 'Jackson', '$2a$10$LWmeUuvbGLrb6w.GXZGzR.3UyJ42dQGwfmRqEtNOS1g6xJL7pFypy', 'user3', '2016-01-01 00:00:00', 'USER')
INSERT INTO USERX (ENABLED, FIRST_NAME, LAST_NAME, PASSWORD, USERNAME, CREATE_DATE, ROLE) VALUES(TRUE, 'Lionel', 'Messi', '$2a$10$LWmeUuvbGLrb6w.GXZGzR.3UyJ42dQGwfmRqEtNOS1g6xJL7pFypy', 'goat', '2016-01-01 00:00:00', 'ADMIN')


INSERT INTO DECK (CREATE_DATE, DECK_NAME, DESCRIPTION, PUBLIC_DECK, REVERSIBLE_DECK, LOCKED_DECK, AUTHOR) VALUES('2016-01-01 00:00:00','Elvis Deck', 'this is a deck', FALSE, FALSE, FALSE, 'elvis')
INSERT INTO DECK (CREATE_DATE, DECK_NAME, DESCRIPTION, PUBLIC_DECK, REVERSIBLE_DECK, LOCKED_DECK, AUTHOR) VALUES('2016-01-01 00:00:00','Deck2', 'this is a deck2', FALSE, FALSE, FALSE, 'user2')
INSERT INTO DECK (CREATE_DATE, DECK_NAME, DESCRIPTION, PUBLIC_DECK, REVERSIBLE_DECK, LOCKED_DECK, AUTHOR) VALUES('2016-01-01 00:00:00','Deck3', 'this is a deck3', TRUE, FALSE, FALSE, 'user3')
INSERT INTO DECK (CREATE_DATE, DECK_NAME, DESCRIPTION, PUBLIC_DECK, REVERSIBLE_DECK, LOCKED_DECK, AUTHOR) VALUES('2016-01-01 00:00:00','Deck4', 'this is a deck4', TRUE, TRUE, FALSE, 'user3')
INSERT INTO DECK (CREATE_DATE, DECK_NAME, DESCRIPTION, PUBLIC_DECK, REVERSIBLE_DECK, LOCKED_DECK, AUTHOR) VALUES('2016-01-01 00:00:00','Deck5', 'this is a deck5', TRUE, FALSE, FALSE, 'hannah')
INSERT INTO DECK (CREATE_DATE, DECK_NAME, DESCRIPTION, PUBLIC_DECK, REVERSIBLE_DECK, LOCKED_DECK, AUTHOR) VALUES('2016-01-01 00:00:00','Deck6', 'this is a deck6', TRUE, FALSE, FALSE, 'goat')
INSERT INTO DECK (CREATE_DATE, DECK_NAME, DESCRIPTION, PUBLIC_DECK, REVERSIBLE_DECK, LOCKED_DECK, AUTHOR) VALUES('2016-01-01 00:00:00','Deck7', 'this is a deck7', TRUE, FALSE, FALSE, 'goat')

INSERT INTO DECK_CATEGORY(DECK_DECK_ID,CATEGORY) VALUES(SELECT DECK_ID FROM DECK WHERE DECK_NAME = 'Elvis Deck', 'HISTORY')
INSERT INTO DECK_CATEGORY(DECK_DECK_ID,CATEGORY) VALUES(SELECT DECK_ID FROM DECK WHERE DECK_NAME = 'Deck2', 'COMPUTER_SCIENCE')
INSERT INTO DECK_CATEGORY(DECK_DECK_ID,CATEGORY) VALUES(SELECT DECK_ID FROM DECK WHERE DECK_NAME = 'Deck3', 'COMPUTER_SCIENCE')
INSERT INTO DECK_CATEGORY(DECK_DECK_ID,CATEGORY) VALUES(SELECT DECK_ID FROM DECK WHERE DECK_NAME = 'Deck4', 'COMPUTER_SCIENCE')
INSERT INTO DECK_CATEGORY(DECK_DECK_ID,CATEGORY) VALUES(SELECT DECK_ID FROM DECK WHERE DECK_NAME = 'Deck5', 'COMPUTER_SCIENCE')
INSERT INTO DECK_CATEGORY(DECK_DECK_ID,CATEGORY) VALUES(SELECT DECK_ID FROM DECK WHERE DECK_NAME = 'Deck6', 'COMPUTER_SCIENCE')
INSERT INTO DECK_CATEGORY(DECK_DECK_ID,CATEGORY) VALUES(SELECT DECK_ID FROM DECK WHERE DECK_NAME = 'Deck7', 'HISTORY')

INSERT INTO CARD(ANSWER, QUESTION,DECK_ID) VALUES('answer1', 'question1', SELECT DECK_ID FROM DECK WHERE DECK_NAME = 'Elvis Deck')
INSERT INTO CARD(ANSWER, QUESTION,DECK_ID) VALUES('answer2', 'question2', SELECT DECK_ID FROM DECK WHERE DECK_NAME = 'Elvis Deck')
INSERT INTO CARD(ANSWER, QUESTION,DECK_ID) VALUES('answer3', 'question1', SELECT DECK_ID FROM DECK WHERE DECK_NAME = 'Deck3')
INSERT INTO CARD(ANSWER, QUESTION,DECK_ID) VALUES('answer4', 'question2', SELECT DECK_ID FROM DECK WHERE DECK_NAME = 'Deck3')
INSERT INTO CARD(ANSWER, QUESTION,DECK_ID) VALUES('answer5', 'question1', SELECT DECK_ID FROM DECK WHERE DECK_NAME = 'Deck3')
INSERT INTO CARD(ANSWER, QUESTION,DECK_ID) VALUES('answer6', 'question2', SELECT DECK_ID FROM DECK WHERE DECK_NAME = 'Deck3')
INSERT INTO CARD(ANSWER, QUESTION,DECK_ID) VALUES('Lorem ipsum dolor sit amet, consectetur adipiscing elit, sed do eiusmod tempor incididunt ut labore et dolore magna aliqua. Ut enim ad minim veniam, quis nostrud exercitation ullamco laboris nisi ut aliquip ex ea commodo consequat. Duis a', 'Lorem ipsum dolor sit amet, consectetur adipiscing elit, sed do eiusmod tempor incididunt ut labore etLorem ipsum dolor sit amet, consectetur adipiscing elit, sed do eiusmod tempor incididunt ut labore et', SELECT DECK_ID FROM DECK WHERE DECK_NAME = 'Deck4')
INSERT INTO CARD(ANSWER, QUESTION,DECK_ID) VALUES('Test answer 2', 'Test question 2', SELECT DECK_ID FROM DECK WHERE DECK_NAME = 'Deck4')
INSERT INTO CARD(ANSWER, QUESTION,DECK_ID) VALUES('Test answer 3', 'Test question 3', SELECT DECK_ID FROM DECK WHERE DECK_NAME = 'Deck4')
INSERT INTO CARD(ANSWER, QUESTION,DECK_ID) VALUES('Test answer 4', 'Test question 4', SELECT DECK_ID FROM DECK WHERE DECK_NAME = 'Deck4')
INSERT INTO CARD(ANSWER, QUESTION,DECK_ID) VALUES('Test answer 5', 'Test question 5', SELECT DECK_ID FROM DECK WHERE DECK_NAME = 'Deck4')
INSERT INTO CARD(ANSWER, QUESTION,DECK_ID) VALUES('Test answer 6', 'Test question 6', SELECT DECK_ID FROM DECK WHERE DECK_NAME = 'Deck4')
INSERT INTO CARD(ANSWER, QUESTION,DECK_ID) VALUES('Test answer 7', 'Test question 7', SELECT DECK_ID FROM DECK WHERE DECK_NAME = 'Deck4')
INSERT INTO CARD(ANSWER, QUESTION,DECK_ID) VALUES('Test answer 8', 'Test question 8', SELECT DECK_ID FROM DECK WHERE DECK_NAME = 'Deck4')
INSERT INTO CARD(ANSWER, QUESTION,DECK_ID) VALUES('Test answer 9', 'Test question 9', SELECT DECK_ID FROM DECK WHERE DECK_NAME = 'Deck4')
INSERT INTO CARD(ANSWER, QUESTION,DECK_ID) VALUES('Test answer 10', 'Test question 10', SELECT DECK_ID FROM DECK WHERE DECK_NAME = 'Deck4')
INSERT INTO CARD(ANSWER, QUESTION,DECK_ID) VALUES('Test answer 11', 'Test question 11', SELECT DECK_ID FROM DECK WHERE DECK_NAME = 'Deck4')
INSERT INTO CARD(ANSWER, QUESTION,DECK_ID) VALUES('answer18', 'question2', SELECT DECK_ID FROM DECK WHERE DECK_NAME = 'Deck5')
INSERT INTO CARD(ANSWER, QUESTION,DECK_ID) VALUES('answer19', 'question2', SELECT DECK_ID FROM DECK WHERE DECK_NAME = 'Deck6')
INSERT INTO CARD(ANSWER, QUESTION,DECK_ID) VALUES('answer20', 'question1', SELECT DECK_ID FROM DECK WHERE DECK_NAME = 'Deck5')


--if we subscribe a deck a CARD_RAITING should be created for each card in the deck automatically

INSERT INTO SUBSCRIBED_DECKS(USERX, DECK) VALUES('user1', SELECT DECK_ID FROM DECK WHERE DECK_NAME = 'Elvis Deck')
INSERT INTO SUBSCRIBED_DECKS(USERX, DECK) VALUES('user2', SELECT DECK_ID FROM DECK WHERE DECK_NAME = 'Elvis Deck')
INSERT INTO SUBSCRIBED_DECKS(USERX, DECK) VALUES('goat', SELECT DECK_ID FROM DECK WHERE DECK_NAME = 'Deck3')
INSERT INTO SUBSCRIBED_DECKS(USERX, DECK) VALUES('goat', SELECT DECK_ID FROM DECK WHERE DECK_NAME = 'Deck4')
INSERT INTO SUBSCRIBED_DECKS(USERX, DECK) VALUES('goat', SELECT DECK_ID FROM DECK WHERE DECK_NAME = 'Deck6')
INSERT INTO SUBSCRIBED_DECKS(USERX, DECK) VALUES('hannah', SELECT DECK_ID FROM DECK WHERE DECK_NAME = 'Deck4')
INSERT INTO SUBSCRIBED_DECKS(USERX, DECK) VALUES('hannah', SELECT DECK_ID FROM DECK WHERE DECK_NAME = 'Deck7')
INSERT INTO SUBSCRIBED_DECKS(USERX, DECK) VALUES('pete', SELECT DECK_ID FROM DECK WHERE DECK_NAME = 'Deck5')
INSERT INTO SUBSCRIBED_DECKS(USERX, DECK) VALUES('pete', SELECT DECK_ID FROM DECK WHERE DECK_NAME = 'Deck6')
INSERT INTO SUBSCRIBED_DECKS(USERX, DECK) VALUES('pete', SELECT DECK_ID FROM DECK WHERE DECK_NAME = 'Deck7')

--this lines should be eliminated if we fix the problem above
INSERT INTO CARD_RATING(USERX, CARD, RATING) VALUES('user1', SELECT ID FROM CARD WHERE ANSWER = 'answer1', 'ONE')
INSERT INTO CARD_RATING(USERX, CARD, RATING) VALUES('user2', SELECT ID FROM CARD WHERE ANSWER = 'answer2', 'THREE')
INSERT INTO CARD_RATING(USERX, CARD, RATING) VALUES('goat', SELECT ID FROM CARD WHERE ANSWER = 'answer3', 'ONE')
INSERT INTO CARD_RATING(USERX, CARD, RATING) VALUES('goat', SELECT ID FROM CARD WHERE ANSWER = 'answer4', 'THREE')
INSERT INTO CARD_RATING(USERX, CARD, RATING) VALUES('goat', SELECT ID FROM CARD WHERE ANSWER = 'answer5', 'FOUR')
INSERT INTO CARD_RATING(USERX, CARD, RATING) VALUES('goat', SELECT ID FROM CARD WHERE ANSWER = 'answer6', 'FIVE')
INSERT INTO CARD_RATING(USERX, CARD, RATING) VALUES('goat', SELECT ID FROM CARD WHERE ANSWER = 'Test answer 11', 'ONE')
INSERT INTO CARD_RATING(USERX, CARD, RATING) VALUES('goat', SELECT ID FROM CARD WHERE ANSWER = 'Test answer 2', 'TWO')
INSERT INTO CARD_RATING(USERX, CARD, RATING) VALUES('goat', SELECT ID FROM CARD WHERE ANSWER = 'Test answer 3', 'ONE')
INSERT INTO CARD_RATING(USERX, CARD, RATING) VALUES('goat', SELECT ID FROM CARD WHERE ANSWER = 'answer19', 'FOUR')
INSERT INTO CARD_RATING(USERX, CARD, RATING) VALUES('hannah', SELECT ID FROM CARD WHERE ANSWER = 'Test answer 4', 'ONE')
INSERT INTO CARD_RATING(USERX, CARD, RATING) VALUES('hannah', SELECT ID FROM CARD WHERE ANSWER = 'Test answer 5', 'THREE')
INSERT INTO CARD_RATING(USERX, CARD, RATING) VALUES('hannah', SELECT ID FROM CARD WHERE ANSWER = 'Test answer 6', 'ONE')
INSERT INTO CARD_RATING(USERX, CARD, RATING) VALUES('pete', SELECT ID FROM CARD WHERE ANSWER = 'answer19', 'THREE')


